path,title,count,uniques,date
/digitalocean-labs/do-app-platform-skills,digitalocean-labs/do-app-platform-skills: Claude/Agent Skills for DigitalOcea...,128,59,2026-02-01
/digitalocean-labs/do-app-platform-skills/tree/main/skills,do-app-platform-skills/skills at main · digitalocean-labs/do-app-platform-ski...,19,10,2026-02-01
/digitalocean-labs/do-app-platform-skills/tree/main,digitalocean-labs/do-app-platform-skills: Claude/Agent Skills for DigitalOcea...,17,9,2026-02-01
/digitalocean-labs/do-app-platform-skills/blob/main/SKILL.md,do-app-platform-skills/SKILL.md at main · digitalocean-labs/do-app-platform-s...,15,4,2026-02-01
/digitalocean-labs/do-app-platform-skills/actions/workflows/collect-analytics.yml,Collect GitHub Analytics · Workflow runs · digitalocean-labs/do-app-platform-...,13,1,2026-02-01
/digitalocean-labs/do-app-platform-skills/tree/main/analytics,do-app-platform-skills/analytics at main · digitalocean-labs/do-app-platform-...,13,1,2026-02-01
/digitalocean-labs/do-app-platform-skills/actions,Workflow runs · digitalocean-labs/do-app-platform-skills,8,1,2026-02-01
/digitalocean-labs/do-app-platform-skills/tree/main/skills/deployment,do-app-platform-skills/skills at main · digitalocean-labs/do-app-platform-ski...,7,7,2026-02-01
/digitalocean-labs/do-app-platform-skills/tree/main/skills/ai-services,do-app-platform-skills/skills at main · digitalocean-labs/do-app-platform-ski...,7,5,2026-02-01
/digitalocean-labs/do-app-platform-skills/commits/main,Commits · digitalocean-labs/do-app-platform-skills,5,2,2026-02-01
/digitalocean-labs/do-app-platform-skills,digitalocean-labs/do-app-platform-skills: Claude/Agent Skills for DigitalOcea...,135,66,2026-02-02
/digitalocean-labs/do-app-platform-skills/tree/main/skills,do-app-platform-skills/skills at main · digitalocean-labs/do-app-platform-ski...,25,12,2026-02-02
/digitalocean-labs/do-app-platform-skills/tree/main,digitalocean-labs/do-app-platform-skills: Claude/Agent Skills for DigitalOcea...,17,9,2026-02-02
/digitalocean-labs/do-app-platform-skills/blob/main/SKILL.md,do-app-platform-skills/SKILL.md at main · digitalocean-labs/do-app-platform-s...,15,4,2026-02-02
/digitalocean-labs/do-app-platform-skills/actions/workflows/collect-analytics.yml,Collect GitHub Analytics · Workflow runs · digitalocean-labs/do-app-platform-...,13,1,2026-02-02
/digitalocean-labs/do-app-platform-skills/tree/main/analytics,do-app-platform-skills/analytics at main · digitalocean-labs/do-app-platform-...,13,1,2026-02-02
/digitalocean-labs/do-app-platform-skills/tree/main/skills/deployment,do-app-platform-skills/skills at main · digitalocean-labs/do-app-platform-ski...,10,8,2026-02-02
/digitalocean-labs/do-app-platform-skills/blob/main/skills/deployment/SKILL.md,do-app-platform-skills/skills/deployment at main · digitalocean-labs/do-app-p...,8,5,2026-02-02
/digitalocean-labs/do-app-platform-skills/actions,Workflow runs · digitalocean-labs/do-app-platform-skills,8,1,2026-02-02
/digitalocean-labs/do-app-platform-skills/tree/main/skills/ai-services,do-app-platform-skills/skills at main · digitalocean-labs/do-app-platform-ski...,7,5,2026-02-02
/digitalocean-labs/do-app-platform-skills,digitalocean-labs/do-app-platform-skills: Claude/Agent Skills for DigitalOcea...,141,66,2026-02-03
/digitalocean-labs/do-app-platform-skills/tree/main/skills,do-app-platform-skills/skills at main · digitalocean-labs/do-app-platform-ski...,25,12,2026-02-03
/digitalocean-labs/do-app-platform-skills/tree/main,digitalocean-labs/do-app-platform-skills: Claude/Agent Skills for DigitalOcea...,18,8,2026-02-03
/digitalocean-labs/do-app-platform-skills/blob/main/SKILL.md,do-app-platform-skills/SKILL.md at main · digitalocean-labs/do-app-platform-s...,17,4,2026-02-03
/digitalocean-labs/do-app-platform-skills/actions/workflows/collect-analytics.yml,Collect GitHub Analytics · Workflow runs · digitalocean-labs/do-app-platform-...,13,1,2026-02-03
/digitalocean-labs/do-app-platform-skills/tree/main/analytics,do-app-platform-skills/analytics at main · digitalocean-labs/do-app-platform-...,13,1,2026-02-03
/digitalocean-labs/do-app-platform-skills/tree/main/skills/deployment,do-app-platform-skills/skills at main · digitalocean-labs/do-app-platform-ski...,10,8,2026-02-03
/digitalocean-labs/do-app-platform-skills/blob/main/skills/deployment/SKILL.md,do-app-platform-skills/skills/deployment at main · digitalocean-labs/do-app-p...,8,5,2026-02-03
/digitalocean-labs/do-app-platform-skills/actions,Workflow runs · digitalocean-labs/do-app-platform-skills,8,1,2026-02-03
/digitalocean-labs/do-app-platform-skills/tree/main/skills/ai-services,do-app-platform-skills/skills at main · digitalocean-labs/do-app-platform-ski...,7,5,2026-02-03
/digitalocean-labs/do-app-platform-skills,digitalocean-labs/do-app-platform-skills: Claude/Agent Skills for DigitalOcea...,154,72,2026-02-04
/digitalocean-labs/do-app-platform-skills/tree/main/skills,do-app-platform-skills/skills at main · digitalocean-labs/do-app-platform-ski...,26,13,2026-02-04
/digitalocean-labs/do-app-platform-skills/tree/main,digitalocean-labs/do-app-platform-skills: Claude/Agent Skills for DigitalOcea...,19,7,2026-02-04
/digitalocean-labs/do-app-platform-skills/tree/main/analytics,do-app-platform-skills/analytics at main · digitalocean-labs/do-app-platform-...,19,1,2026-02-04
/digitalocean-labs/do-app-platform-skills/blob/main/SKILL.md,do-app-platform-skills/SKILL.md at main · digitalocean-labs/do-app-platform-s...,17,4,2026-02-04
/digitalocean-labs/do-app-platform-skills/actions/workflows/collect-analytics.yml,Collect GitHub Analytics · Workflow runs · digitalocean-labs/do-app-platform-...,13,1,2026-02-04
/digitalocean-labs/do-app-platform-skills/tree/main/skills/deployment,do-app-platform-skills/skills at main · digitalocean-labs/do-app-platform-ski...,11,9,2026-02-04
/digitalocean-labs/do-app-platform-skills/actions,Workflow runs · digitalocean-labs/do-app-platform-skills,11,1,2026-02-04
/digitalocean-labs/do-app-platform-skills/tree/main/skills/ai-services,do-app-platform-skills/skills at main · digitalocean-labs/do-app-platform-ski...,8,6,2026-02-04
/digitalocean-labs/do-app-platform-skills/blob/main/skills/deployment/SKILL.md,do-app-platform-skills/skills/deployment at main · digitalocean-labs/do-app-p...,8,5,2026-02-04
/digitalocean-labs/do-app-platform-skills,digitalocean-labs/do-app-platform-skills: Claude/Agent Skills for DigitalOcea...,154,68,2026-02-05
/digitalocean-labs/do-app-platform-skills/tree/main/analytics,do-app-platform-skills/analytics at main · digitalocean-labs/do-app-platform-...,19,1,2026-02-05
/digitalocean-labs/do-app-platform-skills/tree/main/skills,do-app-platform-skills/skills at main · digitalocean-labs/do-app-platform-ski...,18,11,2026-02-05
/digitalocean-labs/do-app-platform-skills/blob/main/SKILL.md,do-app-platform-skills/SKILL.md at main · digitalocean-labs/do-app-platform-s...,15,3,2026-02-05
/digitalocean-labs/do-app-platform-skills/actions/workflows/collect-analytics.yml,Collect GitHub Analytics · Workflow runs · digitalocean-labs/do-app-platform-...,13,1,2026-02-05
/digitalocean-labs/do-app-platform-skills/tree/main,digitalocean-labs/do-app-platform-skills: Claude/Agent Skills for DigitalOcea...,12,4,2026-02-05
/digitalocean-labs/do-app-platform-skills/commits/main,Commits · digitalocean-labs/do-app-platform-skills,11,2,2026-02-05
/digitalocean-labs/do-app-platform-skills/actions,Workflow runs · digitalocean-labs/do-app-platform-skills,11,1,2026-02-05
/digitalocean-labs/do-app-platform-skills/tree/main/skills/deployment,do-app-platform-skills/skills at main · digitalocean-labs/do-app-platform-ski...,10,8,2026-02-05
/digitalocean-labs/do-app-platform-skills/blob/main/skills/deployment/SKILL.md,do-app-platform-skills/skills/deployment at main · digitalocean-labs/do-app-p...,8,5,2026-02-05
/digitalocean-labs/do-app-platform-skills,digitalocean-labs/do-app-platform-skills: Claude/Agent Skills for DigitalOcea...,148,65,2026-02-06
/digitalocean-labs/do-app-platform-skills/tree/main/analytics,do-app-platform-skills/analytics at main · digitalocean-labs/do-app-platform-...,21,1,2026-02-06
/digitalocean-labs/do-app-platform-skills/tree/main/skills,do-app-platform-skills/skills at main · digitalocean-labs/do-app-platform-ski...,17,10,2026-02-06
/digitalocean-labs/do-app-platform-skills/commits/main,Commits · digitalocean-labs/do-app-platform-skills,16,2,2026-02-06
/digitalocean-labs/do-app-platform-skills/blob/main/SKILL.md,do-app-platform-skills/SKILL.md at main · digitalocean-labs/do-app-platform-s...,15,3,2026-02-06
/digitalocean-labs/do-app-platform-skills/actions/workflows/collect-analytics.yml,Collect GitHub Analytics · Workflow runs · digitalocean-labs/do-app-platform-...,14,1,2026-02-06
/digitalocean-labs/do-app-platform-skills/actions,Workflow runs · digitalocean-labs/do-app-platform-skills,11,1,2026-02-06
/digitalocean-labs/do-app-platform-skills/tree/main,digitalocean-labs/do-app-platform-skills: Claude/Agent Skills for DigitalOcea...,10,3,2026-02-06
/digitalocean-labs/do-app-platform-skills/tree/main/skills/deployment,do-app-platform-skills/skills at main · digitalocean-labs/do-app-platform-ski...,9,7,2026-02-06
/digitalocean-labs/do-app-platform-skills/blob/main/skills/deployment/SKILL.md,do-app-platform-skills/skills/deployment at main · digitalocean-labs/do-app-p...,8,5,2026-02-06
