referrer,count,uniques,date
Google,70,14,2026-02-01
github.com,46,8,2026-02-01
confluence.e-loreal.com,24,4,2026-02-01
claude.ai,10,2,2026-02-01
digitalocean.com,8,4,2026-02-01
com.reddit.frontpage,4,3,2026-02-01
DuckDuckGo,4,1,2026-02-01
chatgpt.com,2,1,2026-02-01
com.slack,1,1,2026-02-01
search.brave.com,1,1,2026-02-01
Google,76,15,2026-02-02
github.com,46,8,2026-02-02
confluence.e-loreal.com,24,4,2026-02-02
claude.ai,10,2,2026-02-02
digitalocean.com,8,4,2026-02-02
com.reddit.frontpage,4,3,2026-02-02
DuckDuckGo,4,1,2026-02-02
chatgpt.com,2,1,2026-02-02
com.slack,1,1,2026-02-02
search.brave.com,1,1,2026-02-02
Google,79,15,2026-02-03
github.com,46,8,2026-02-03
confluence.e-loreal.com,24,4,2026-02-03
digitalocean.com,11,5,2026-02-03
com.reddit.frontpage,4,3,2026-02-03
DuckDuckGo,4,1,2026-02-03
chatgpt.com,2,1,2026-02-03
claude.ai,1,1,2026-02-03
com.slack,1,1,2026-02-03
search.brave.com,1,1,2026-02-03
Google,79,15,2026-02-04
github.com,59,8,2026-02-04
confluence.e-loreal.com,23,4,2026-02-04
digitalocean.com,11,5,2026-02-04
do-internal.atlassian.net,5,2,2026-02-04
com.reddit.frontpage,4,3,2026-02-04
chatgpt.com,2,1,2026-02-04
claude.ai,1,1,2026-02-04
com.slack,1,1,2026-02-04
search.brave.com,1,1,2026-02-04
github.com,59,8,2026-02-05
Google,27,12,2026-02-05
confluence.e-loreal.com,25,5,2026-02-05
digitalocean.com,11,5,2026-02-05
do-internal.atlassian.net,5,2,2026-02-05
com.reddit.frontpage,4,3,2026-02-05
search.brave.com,1,1,2026-02-05
github.com,59,8,2026-02-06
Google,26,11,2026-02-06
confluence.e-loreal.com,25,5,2026-02-06
digitalocean.com,11,5,2026-02-06
do-internal.atlassian.net,5,2,2026-02-06
com.reddit.frontpage,4,3,2026-02-06
search.brave.com,1,1,2026-02-06
github.com,43,6,2026-02-08
confluence.e-loreal.com,20,4,2026-02-08
Google,18,7,2026-02-08
digitalocean.com,11,5,2026-02-08
do-internal.atlassian.net,5,2,2026-02-08
com.reddit.frontpage,3,2,2026-02-08
search.brave.com,1,1,2026-02-08
github.com,32,5,2026-02-15
Google,24,8,2026-02-15
do-internal.atlassian.net,7,4,2026-02-15
search.brave.com,7,1,2026-02-15
digitalocean.com,4,1,2026-02-15
confluence.e-loreal.com,2,2,2026-02-15
